{"cameraMode":{"drawMode":0,"name":"Shaded","section":"Shading Mode"},"sceneLighting":true,"audioPlay":false,"sceneViewState":{"m_AlwaysRefresh":false,"showFog":true,"showSkybox":true,"showFlares":true,"showImageEffects":true,"showParticleSystems":true,"showVisualEffectGraphs":true,"m_FxEnabled":true},"in2DMode":false,"pivot":{"x":28.951539993286134,"y":92.69956970214844,"z":3.7907280921936037},"rotation":{"x":0.16447246074676515,"y":0.3592213988304138,"z":-0.06530347466468811,"w":0.9156960248947144},"size":14.639554023742676,"orthographic":false}